track_id,track_name,track_popularity,track_album_id,playlist_genre,playlist_subgenre,danceability,energy,key,loudness,mode,speechiness,acousticness,instrumentalness,liveness,valence,tempo,duration_ms
6f807x0ima9a1j3VPbc7VN,I Don't Care (with Justin Bieber) - Loud Luxury Remix,66,2oCs0DGTsRO98Gh5ZSl2Cx,pop,dance pop,0.748,0.916,6,-2.634,1,0.0583,0.102,0,0.0653,0.518,122.036,194754
1z1Hg7Vb0AhHDiEmnDE79l,All the Time - Don Diablo Remix,70,1HoSmj2eLcsrR0vE9gThr4,pop,dance pop,0.675,0.931,1,-3.432,0,0.0742,0.0794,2.33E-05,0.11,0.613,124.008,176616
3eFJI470ALf1EYjywPRsJy,Cross Me (feat. Chance the Rapper & PnB Rock) - M-22 Remix,58,49bXZtlI5kQSqQMSCnSaWO,pop,dance pop,0.679,0.923,6,-6.5,1,0.181,0.146,4.92E-06,0.124,0.752,121.984,207894
2v3DuCVBbopteJqdM7aKQK,Let It Be Me - Sondr Remix,35,097kyycr5ZuLS2cPwwUHwt,pop,dance pop,0.467,0.821,7,-5.466,1,0.0934,0.00791,4.41E-04,0.131,0.232,122.676,185366
1zzOMDmkRZy0g9f4JTAZKn,Close To Me (with Diplo) (feat. Swae Lee) - CID Remix,8,5bMicFMWsZlRZNTDq9h3oA,pop,dance pop,0.663,0.905,1,-3.781,0,0.0511,0.0325,0,0.333,0.397,125.996,175000
3kgKVcBpBGuSeaEC0AZGlb,Old Town Road - Diplo Remix,74,66FxETmTBazRMZNbvGtGQl,pop,dance pop,0.766,0.771,6,-9.108,1,0.0576,0.00407,3.76E-06,0.113,0.297,140.036,204027
5PYQUBXc7NYeI1obMKSJK0,Never Really Over,85,3KjXg0MDej2pG9fv6I22lT,pop,dance pop,0.77,0.882,8,-4.792,1,0.0602,0.194,0,0.316,0.385,99.991,223523
6XqvFyJGdUD5IWee02ARKU,Polaroid,16,6x8gRx7RDvPckYBzPodW8w,pop,dance pop,0.652,0.898,7,-4.481,0,0.0361,0.29,0,0.073,0.472,114.043,193377
48GmVZwvkoVC5StfMLfNJE,Need U,24,2yBTjWwQLEr2i0LTIcUmwT,pop,dance pop,0.714,0.705,10,-6.479,1,0.0995,0.292,3.86E-04,0.126,0.471,114.994,219521
2IDHoSlbG0CKH9rhq68wTb,Say My Name (feat. Zyra) - RAC Mix,47,7Eg6srmG6BVIEiUmiRjzI4,pop,dance pop,0.647,0.624,9,-8.446,1,0.0451,0.025,0.056,0.0616,0.477,115.002,243091
7CHi4DtfK4heMlQaudCuHK,Lose Control,91,1qSOaTvsCOyFJya3v1UzkP,pop,dance pop,0.598,0.526,10,-8.659,0,0.0415,0.129,0,0.14,0.529,123.935,168387
1CW7tYkpJ95c7bQkRf6CcK,I Wanna Dance,67,3niF8tyjfJw8pmfc6VYKGa,pop,dance pop,0.825,0.841,0,-6.433,1,0.135,0.0906,0.00411,0.258,0.616,126.026,184582
1HfMVBKM75vxSfsQ5VefZ5,Lose You To Love Me,93,3tBkjgxDqAwss76O1YHsSY,pop,post-teen pop,0.505,0.34,4,-9.005,1,0.0438,0.576,0,0.21,0.0916,101.993,206459
21jGcNKet2qwijlDFuPiPb,Circles,98,4g1ZRSobMefqF6nelkgibi,pop,post-teen pop,0.695,0.762,0,-3.497,1,0.0395,0.192,0.00244,0.0863,0.553,120.042,215280
7qEHsqek33rTcFNT9PFqLf,Someone You Loved,94,5658aM19fA3JVwTK6eQX70,pop,post-teen pop,0.501,0.405,1,-5.679,1,0.0319,0.751,0,0.105,0.446,109.891,182161
6v3KW9xbzN5yKLt9YKDYA2,Señorita,88,0xzScN8P3hQAz3BT3YYX5w,pop,post-teen pop,0.759,0.548,9,-6.049,0,0.029,0.0392,0,0.0828,0.749,116.967,190800
1ZPWWSwCkxKfqdp4H0RFCo,ROXANNE,71,1BAHbTOKeZ1w0DeFSVi5Tn,pop,post-teen pop,0.621,0.601,6,-5.616,0,0.148,0.0522,0,0.46,0.457,116.735,163636
6vBdBCoOhKHiYDDOcorfNo,Goodbyes (Feat. Young Thug),51,4FFBjcmX06VmazABtpRMyv,pop,post-teen pop,0.58,0.653,5,-3.818,1,0.0745,0.447,0,0.111,0.175,150.231,174960
0hVXuCcriWRGvwMV1r5Yn9,I Don't Care (with Justin Bieber),84,3oIFxDIo2fwuk4lwCmFZCx,pop,post-teen pop,0.798,0.675,6,-5.041,1,0.0442,0.0912,0,0.0894,0.842,101.956,219947
6moU77g9RQyMzHNuKEaQKq,It's You,68,40vQONzvJb6sKejDN3eWza,pop,post-teen pop,0.732,0.463,11,-6.972,0,0.0287,0.374,0,0.194,0.397,95.971,212607
421leiR6jKlH5KDdwLYrOs,Dance Monkey,43,5i6CS5XcLZGLgaNCKlJvc2,pop,post-teen pop,0.824,0.592,6,-6.4,0,0.0969,0.693,1.58E-04,0.178,0.54,98.074,209755
4R9ATNRRl1uth17i5qDCc0,I.F.L.Y.,33,5Q4g8NWSgDf0AEE0Vy7bz9,pop,post-teen pop,0.812,0.519,2,-4.823,1,0.0385,0.379,0,0.13,0.554,104.954,165714
7MRghgE1RnubxFJBfUEPwt,One Touch (with ‪Jess Glynne),16,7amY1CW9j5LtD2Bbsx1FJO,pop,post-teen pop,0.69,0.757,0,-5.16,0,0.244,0.533,0,0.202,0.581,124.273,197747
4Jwp3yjIQfudmjuctLQlfJ,No More (feat. Brenda Mullen) - Bottai Edit,19,72KW8nIFEscnr5wwEQKVGS,pop,post-teen pop,0.675,0.674,4,-6.329,1,0.0372,0.00339,8.55E-05,0.279,0.414,125.037,200640
7FjZU7XFs7P9jHI9Z0yRhK,So Close,79,4ZIaWbFnkMozASM1CA59K6,pop,post-teen pop,0.7,0.872,10,-5.896,1,0.0666,0.121,7.08E-06,0.103,0.761,125.03,190302
6GyFP1nfCDB8lbD2bG0Hq9,Midnight City,74,6EB14IXV5oyOiItGBv7mtG,pop,electropop,0.507,0.729,11,-5.399,0,0.0393,0.0182,1.4E-06,0.0658,0.272,105.013,243960
5O6pHvBKgAKX8FyhE6vwon,Hold Tight,32,0KmyVq8kx8HK2Vbl9cOI1g,pop,electropop,0.543,0.662,0,-10.177,1,0.0301,0.09,0.527,0.149,0.22,126.983,249449
3m71siVDw8qXKAdpO9zLiT,Someone New,45,6yTaSm8NY1fUrKhusuVYz0,pop,electropop,0.588,0.627,5,-7.249,0,0.0453,0.0149,0.105,0.375,0.39,112.018,182143
3FtYbEfBqAlGO46NUDQSAt,Electric Feel,77,6mm1Skz3JE6AXneya9Nyiv,pop,electropop,0.763,0.807,1,-3.714,1,0.035,0.0714,0.28,0.348,0.559,103.038,229640
0R2HfrviMaDTkM0u9GUXYV,Home,26,2gPL6gShEyraQ0BDA89FaL,pop,electropop,0.536,0.564,8,-11.09,0,0.0345,0.0745,0.00106,0.11,0.471,79.974,237875
0u7jABgfx6EHQHxpFOeyNS,Open Up,39,7LktlUIPJnyz5IKvvsIHNy,pop,electropop,0.512,0.757,9,-7.98,0,0.0274,0.00507,0.948,0.298,0.329,116.016,231207
6BwR8E925bOoGHFPS5tEOE,Megaton Mile,56,0ORZb7kyr8aaP2LpL3mhuY,pop,electropop,0.542,0.811,0,-5.07,0,0.0759,0.0476,1.68E-04,0.813,0.58,120.477,266533
5yM5T514epudM57zi4jlL0,Synchro,12,2pxkCBCXYGYMoQ7bUOnri6,pop,electropop,0.71,0.719,0,-7.336,0,0.0374,0.266,1.51E-06,0.108,0.626,115.964,304138
7MKz0cVNK5cGImTwxyECkm,Hourglass,0,0yStJMXwVQHIPNLj86S7ms,pop,electropop,0.577,0.592,7,-7.259,0,0.029,0.35,0.655,0.163,0.262,124.973,208748
4TnjEaWOeW0eKTKIEvJyCa,Falling,97,1Czfd5tEby3DbdYNdqzrCa,pop,electropop,0.784,0.43,10,-8.756,0,0.0364,0.123,0,0.0887,0.236,127.087,159382
70B5oP5ng1QYClkJ9CeWly,World In My Eyes - 2006 Remastered Version,49,5g3Yi15plTSMaq6tYiuw8p,pop,electropop,0.66,0.881,10,-7.802,0,0.0419,0.00737,0.833,0.0514,0.949,122.244,267040
3FSPaBp49Clqq2p4zc9dbA,Photograph,52,3hA2oZbZwHU8tSPBFIZhFr,pop,electropop,0.614,0.379,4,-10.48,1,0.0476,0.607,4.64E-04,0.0986,0.201,107.989,258987
5uCax9HTNlzGybIStD3vDh,Say You Won't Let Go,85,7oiJYvEJHsmYtrgviAVIBD,pop,electropop,0.358,0.557,10,-7.398,1,0.059,0.695,0,0.0902,0.494,85.043,211467
5iFwAOB2TFkPJk8sMlxP8g,Make You Mine,79,2CxrZinzjDXZidyx5EP214,pop,indie poptimism,0.606,0.799,9,-4.452,1,0.0261,0.0128,0,0.15,0.638,103.014,232907
3GzZfni9NCD54x1prgpIYl,Daphne Blue,13,2B4wLLLPV8rAnpmdBAykxs,pop,indie poptimism,0.567,0.925,1,-2.775,0,0.0906,0.00239,0.0054,0.348,0.704,118.006,182840
3lPj2nA1lIrWIpbnhNG57v,these are my friends,59,2AbPwLvpR0FwpqGt4ZY1q4,pop,indie poptimism,0.617,0.732,11,-6.737,0,0.0278,0.0278,0,0.125,0.723,84.977,208947
368q7QWp27Qbvh7wWFIyA2,Once In A Lifetime,24,3quX4dfWbeOg7KObpWya4q,pop,indie poptimism,0.758,0.805,6,-4.725,0,0.113,0.0343,1.37E-05,0.0458,0.587,107.935,178377
2i1CnSeLjppv41BTuc7qhY,Frail State Of Mind,69,1KAWoDpnecuSNHijVTrWxn,pop,indie poptimism,0.566,0.676,9,-6.498,1,0.0383,0.0147,0.00672,0.0733,0.0492,127.973,234812
3lWHWGrRrVrEoYwolWZ38x,"Replace It, Forget It",35,2dr0NK4uPs9AtNtMvuwmT6,pop,indie poptimism,0.554,0.768,6,-6.042,0,0.0387,0.00794,0.0145,0.356,0.753,150.062,206223
7yCyhsU75MYdbeqRLhLY51,smiling when i die,68,5bHqzyMbrdJTLui0HQdRG0,pop,indie poptimism,0.753,0.41,0,-10.636,0,0.132,0.816,0.00217,0.104,0.231,93.001,206437
3GRSqlALWISqLeNncZMbpX,Mean It,85,4aoWQU2gSUjl4AZeCPSo1b,pop,indie poptimism,0.746,0.45,7,-8.543,1,0.0872,0.0407,0,0.172,0.336,95.998,232853
65Bynqyt59f3fojjs1Uo41,Stay With Me,68,7arFGGWl2p1FTC3LPTw7Dz,pop,indie poptimism,0.695,0.695,2,-6.612,1,0.0706,0.489,1.9E-04,0.131,0.468,100.021,189787
46QBu7dvDRKji86LUB2Vaa,Low Tide,38,3K2AuduvjqxMs8eLxhyMVy,pop,indie poptimism,0.559,0.799,9,-5.807,0,0.0455,3.97E-04,0.00958,0.0609,0.367,116.975,202532
75ylrnob5O80WTKi9ugZ1Z,Problems,72,1qnAzDoa24ZYCZDzmP74sL,pop,indie poptimism,0.72,0.658,2,-7.414,1,0.0446,0.0329,0.0302,0.123,0.134,98.001,171898
4py6PECWsrYuAAUk84XmVI,Erase Yourself,2,1J0tz0pdYf7XM1QKiSfddq,pop,indie poptimism,0.413,0.569,4,-8.921,1,0.0313,0.296,0.0107,0.0911,0.0504,154.815,227040
0nbXyq5TXYPCO7pr3N8S4I,The Box,98,52u4anZbHd6UInnmHRFzba,rap,hip hop,0.896,0.586,10,-6.687,0,0.0559,0.104,0,0.79,0.642,116.971,196653
3R8CyhJfVjvgIROd5RSGhQ,I Can See,73,5sY6UIQ32GqwMLAfSNEaXb,rap,hip hop,0.699,0.503,5,-9.922,0,0.0882,0.391,0.0126,0.0996,0.0546,114.86,220853
2Ec33AVlkTTq8BHFgBTdQs,Futsal Shuffle 2020,91,4uTOUYhLrGRKkfxfPKTkuy,rap,hip hop,0.881,0.457,7,-8.191,0,0.156,0.0327,0,0.231,0.296,136.97,198913
2u3EyuCqqV31woqGvO9LBz,Sum 2 Prove,81,7KPtAktRGrVjy0QV3MXnZk,rap,hip hop,0.823,0.552,4,-7.57,0,0.324,0.0174,0,0.122,0.418,124.038,205760
5rSVQzJQ5nMUcFJDkJMfzL,First Place,60,3IUuhdkjrVNZQZK9V1rB3q,rap,hip hop,0.656,0.566,0,-9.501,1,0.339,0.0125,0,0.0655,0.563,137.215,199992
3Gzcb65waeZYidm0vSaelM,Red Light,56,3QqkbNMuerqYvLZcDGp9zk,rap,hip hop,0.846,0.716,1,-5.516,1,0.236,0.00101,0,0.244,0.213,98.005,127347
4Chy83oRs3pToekNNpvTU6,Her,35,4cta5VqXzzYJTJSv2onh2C,rap,hip hop,0.737,0.723,1,-9.483,0,0.0673,0.104,0.851,0.0979,0.334,89.967,123333
6vhSIjj1M9HU9OnOi8sdqX,Verbania,44,7GBktDLN4nG7Ek5xeQllDX,rap,hip hop,0.61,0.341,7,-11.056,1,0.0499,0.179,0.807,0.113,0.69,146.005,124932
0cZcOtDqLaavK7LowhTBsa,sunny,65,0enwhVDrDgNf2QpeleSUSZ,rap,hip hop,0.811,0.429,0,-11.503,1,0.0789,0.468,0.607,0.109,0.646,138.027,139130
2NEjPjHPuTjUqQ8MoIWi0Z,no stress,15,2ytUOoS3iYfCzXQ7tRtvhh,rap,hip hop,0.611,0.702,0,-6.944,1,0.0366,0.145,0.176,0.424,0.734,89.999,229407
5BEX5jMEkOB8Zr1dUft3Mg,bedroom,5,4360Bb2FpRG1AQtIHWThKC,rap,hip hop,0.77,0.0161,4,-14.233,1,0.162,0.905,0.914,0.113,0.7,75.047,153600
1mEFsctBXKX6nmashVJ8Gu,Sauce,27,5UpqAvXqiliEC9Vwklhwd4,rap,hip hop,0.731,0.654,1,-6.619,0,0.0548,0.296,3.47E-06,0.51,0.786,152.918,189804
6vye1WybNriUDdlZTbDidn,Cadillac on 22's,0,4okc4TNj7LPu0DuEnUvSKY,rap,southern hip hop,0.881,0.537,5,-5.77,1,0.0764,0.13,0,0.096,0.553,145.092,263387
57KCUxlvVWtnz3qGnxNna2,85/Billy Dee Interlude,21,5sPFD4RDETXKqmCsGQF8Wk,rap,southern hip hop,0.806,0.6,7,-7.454,1,0.365,0.0288,8.35E-06,0.619,0.727,82.147,269840
2334WaCjswLcRIRgTTPWaZ,Hustler Musik,55,7slHgsEMuJfnuft5LAPyw6,rap,southern hip hop,0.661,0.746,8,-2.223,0,0.25,0.36,0,0.454,0.678,83.939,303667
2bQdgtO42TfS37YWupeMrr,Int'l Players Anthem (I Choose You) (feat. OutKast),60,4lWWlBbKuWBk7xgKEkevSg,rap,southern hip hop,0.697,0.681,4,-5.084,0,0.219,0.0598,0,0.301,0.82,77.847,258987
56hvN4r1qI7kDW9cw1lVov,Hay,42,1R5AaySMUzB0lmuwQ49YJO,rap,southern hip hop,0.749,0.733,11,-9.163,0,0.0611,0.0302,0,0.151,0.897,139.935,260240
7dpFJmdFiahlgzzEmgUwoN,Virginia,38,1Q83nQO2QG81TVa10hW7LX,rap,southern hip hop,0.643,0.878,11,-2.729,0,0.341,0.0589,0,0.626,0.613,159.709,237440
7u6aTzXw1JtiK5sr7XctFs,Bring Em Out,6,4hOTRlVLwjVtOrp9C5MX3E,rap,southern hip hop,0.759,0.891,11,-2.983,1,0.257,0.0298,0,0.141,0.587,98.579,216707
7LqnglgrosirX2c7C44Cnw,"Money, Hoes & Power (feat. Jermaine Dupri)",15,4lWWlBbKuWBk7xgKEkevSg,rap,southern hip hop,0.914,0.837,1,-5.338,1,0.153,0.108,6.42E-06,0.0286,0.977,143.975,258133
3OKB1WDMcWX6d4nwvyC4o0,Blowin' Trees (+ Napdonalds Skit),29,0bBs62WaX2oJOq2W35BDis,rap,southern hip hop,0.566,0.698,5,-5.821,0,0.462,0.182,0,0.665,0.753,92.848,257267
0I3q5fE6wg7LIfHGngUTnV,Ms. Jackson,77,2tm3Ht61kqqRZtIYsBjxEj,rap,southern hip hop,0.843,0.805,4,-5.946,0,0.269,0.142,0,0.0771,0.615,94.946,270507
7KXjTSCq5nL1LoYtL7XAwS,HUMBLE.,84,4eLPsYPBmXABThSJ821sqY,rap,southern hip hop,0.908,0.621,1,-6.638,0,0.102,2.82E-04,5.39E-05,0.0958,0.421,150.011,177000
3aGibUHhQyBsyumYHylw0K,Backseat Freestyle,67,3DGQ1iZ9XKUQxAUWjfC34w,rap,southern hip hop,0.546,0.651,1,-7.601,1,0.3,7.39E-04,0,0.235,0.646,77.878,212653
6aJ1RcRk7QfGxRnaqL0syV,Westside (feat. Chris Brown),31,6bPbKuFNW6Vausf1PExvd9,rap,southern hip hop,0.396,0.777,2,-4.025,0,0.135,0.0058,0,0.111,0.338,78.665,218627
48A3iXuphgaaQ3yoLeV5RJ,We Right Here,0,5I7EYZ1edjUbfyY5WR3l9X,rap,gangster rap,0.767,0.678,9,-7.795,1,0.137,0.00731,0,0.314,0.635,92.923,271013
37HlozQACAXm12NSaZIxF7,No Games,42,6nZJ328QRWOjMlvMMWOPGv,rap,gangster rap,0.759,0.828,8,-4.217,0,0.0532,0.0185,1.66E-06,0.159,0.353,146.58,233427
7rcZHRL3DrRtAy83R3nZVY,Talk To Me,21,0BFy7NMzHS6LsAOUgSYzD7,rap,gangster rap,0.786,0.612,8,-4.894,1,0.217,0.76,0,0.111,0.513,84.963,181673
7q8BhxU2ZpUlXqmEy6nKFb,You Tried It,62,5whQ0P8HBzpQHmvKioxbkz,rap,gangster rap,0.854,0.728,7,-4.01,1,0.298,0.025,0,0.0642,0.616,94.907,126871
598yNsG1JFrGd4n2kMoz7F,Woah,88,393l0NdTr8Rv0hybf4FTxy,rap,gangster rap,0.882,0.602,11,-5.554,1,0.245,0.0177,0,0.178,0.43,142.959,183011
2iObjOsy2vpsariW4Y7hQg,Costa Rica,67,5mBTgXuk68h77WNzdvuOT7,rap,gangster rap,0.9,0.482,11,-8.98,0,0.421,0.201,0,0.106,0.68,127.866,114965
2ej6iCFQWQDD7c1DE4lmGq,Eyes Closed,38,4etacNWehEKEXR9fmFb9B2,rap,gangster rap,0.746,0.693,1,-6.522,0,0.146,0.307,7.87E-06,0.0921,0.672,83.527,138213
2urL6rzs1bdZTtDGvPdYVt,BADU,27,41TjRJ2rTbGJYZrsmBoQQW,rap,gangster rap,0.64,0.605,9,-8.263,0,0.184,0.419,0,0.121,0.201,99.775,175200
1FvOiE8MGWB8MUCAPvro3h,Flowers,50,6qUFkYctUITXkByoa80xbi,rap,gangster rap,0.754,0.652,11,-4.924,0,0.0308,0.174,0,0.113,0.474,95.006,192013
0j5X6DrzkgY64Mm8NQp5mi,Lose Yourself - Soundtrack Version,8,5fOMATuYQp3StRe5ViADAH,rap,gangster rap,0.69,0.747,2,-4.583,1,0.264,0.00984,6.85E-04,0.355,0.0703,171.367,326640
0Zh5U48tZNeAzzLTV1CVBE,Forgot About Dre,16,5csXMdS69VOvh8MjyfwkjB,rap,gangster rap,0.925,0.737,8,-1.292,1,0.0777,0.092,0,0.169,0.603,133.946,222240
4Li2WHPkuyCdtmokzW2007,Ni**as In Paris,77,2P2Xwvh2xWXIZ1OWY9S9o5,rap,gangster rap,0.788,0.859,1,-5.542,1,0.315,0.127,0,0.348,0.769,140.027,219333
5l93giGtSBNAJUVj8hPygt,C'est La Vie,70,3jginAnZiyYJMbOkSxXzWb,rap,trap,0.735,0.798,11,-5.811,0,0.121,0.0924,3.62E-06,0.0978,0.245,106.006,188491
3CwocqtW6g2rCqsI8PQCf4,NIENTE,63,0geVcUH2Ev47y8h6wjLNM9,rap,trap,0.762,0.697,11,-6.626,0,0.103,0.298,0,0.0999,0.53,91.984,147391
2guNhJXjJVCHO5rYBVcm5H,Mea Muri Tu (feat. MV Killa & Yung Snapp),45,4ahmZju7aF9Uo5LR6Q5Ese,rap,trap,0.701,0.685,1,-3.937,0,0.0401,0.244,4.84E-05,0.786,0.592,112.041,194464
6PX2GtCt8YJzOQ4ulJM41k,Guarda Come Flexo 2,22,71WruKpJfmTKtE3xBUhfmw,rap,trap,0.843,0.528,1,-8.722,1,0.0657,0.061,4.52E-05,0.0617,0.459,140.05,178645
7hHf4gz7kGmkuwa6XMc88W,Stamm Fort (feat. Sfera Ebbasta),1,1oOK2SpMy11lyHC7mraEZ7,rap,trap,0.78,0.521,0,-5.094,1,0.123,0.0983,1.25E-04,0.0967,0.643,160.087,171375
12x8BhnvB1W4uk3VEHOXqa,Fácil,55,6BE4QSs59Zh9SBxMJe7AO6,rap,trap,0.877,0.42,7,-8.239,0,0.175,0.278,0,0.163,0.292,135.017,124444
4TynLuBe1VGcFJ5nUC0mmf,Me Pagan,49,5jmmPfNORNDD6otKQkyRb0,rap,trap,0.874,0.274,5,-13.499,1,0.452,0.209,2.41E-06,0.0993,0.213,147.072,127561
2CRbiMK0W14l71SpDKqKZM,Loca Remix,15,7cxeVJQVXJlwIblOXISb5j,rap,trap,0.795,0.751,8,-3.661,1,0.0675,0.337,0,0.0983,0.537,113.033,346460
63cd4JkwGgYJrbOizbfmsp,Pure Water (with Migos),31,1ypNy6o0C2ZbuuPPYkavVl,rap,trap,0.68,0.559,0,-5.545,1,0.129,0.172,0,0.318,0.137,202.006,194520
710n65RKfq0DtcRxxoQoV4,Oznaka Mężczyzn,47,1vx9tGIDmNsoCWHeKC9BvL,rap,trap,0.766,0.614,5,-8.209,0,0.154,0.105,0,0.147,0.57,155.992,175385
68poZGRClFTzLdeRz9X0M2,Panini,13,3ubteGlws5KJiIDSn45zz8,rap,trap,0.703,0.594,5,-6.146,0,0.0752,0.342,0,0.123,0.475,153.848,114893
1fCeXjoRExPP2qwSBh2aST,Black & White,81,6tkjU4Umpo79wwkgPMV3nZ,rap,trap,0.776,0.736,7,-4.612,1,0.247,0.0802,0,0.159,0.233,147.946,186945
0nbXyq5TXYPCO7pr3N8S4I,The Box,98,52u4anZbHd6UInnmHRFzba,rap,trap,0.896,0.586,10,-6.687,0,0.0559,0.104,0,0.79,0.642,116.971,196653
3YBZIN3rekqsKxbJc9FZko,Paradise City,78,3I9Z1nDCL4E0cP62flcbI5,rock,album rock,0.273,0.952,11,-8.762,1,0.0841,0.0169,0.0112,0.142,0.475,100.269,405640
7o2CTH4ctstm8TNelqjb51,Sweet Child O' Mine,82,3I9Z1nDCL4E0cP62flcbI5,rock,album rock,0.454,0.91,6,-7.766,1,0.0446,0.0852,0.0988,0.116,0.63,125.116,354520
4DnEyHNO8MdhFYFrDq73BV,Mr. Brownstone,59,3I9Z1nDCL4E0cP62flcbI5,rock,album rock,0.487,0.94,8,-9.284,1,0.0384,0.0254,1.69E-06,0.305,0.576,106.092,225707
2C4aYxNpoPkmoZ3ZdPeuOB,Knockin' On Heaven's Door,13,0yMBzueqNjfhtmhz0AthB7,rock,album rock,0.496,0.739,6,-7.193,1,0.0415,0.0211,0.00444,0.106,0.378,132.41,336000
0ZEhlT9v8CdOKu55zhYGv9,Don't Cry (Original),15,4L5pz06MVlsWaTEjSQPN8h,rock,album rock,0.437,0.572,8,-8.648,0,0.0339,0.00191,0.00243,0.116,0.239,124.172,284800
2dyfo7lqKI7NtSAhUZwnoJ,My Michelle,57,3I9Z1nDCL4E0cP62flcbI5,rock,album rock,0.441,0.935,3,-8.49,1,0.0514,0.167,0.0298,0.513,0.308,103.467,218667
0GQuzKlkH0otZ01oMFzsSu,You're Crazy,4,5JKFiC2WVi9HtvJEm8CUB8,rock,album rock,0.417,0.983,1,-7.074,1,0.109,0.0146,0.0185,0.601,0.346,122.046,197200
04MNKrAnzrHDUzuXAtNoLr,Live And Let Die,9,4L5pz06MVlsWaTEjSQPN8h,rock,album rock,0.262,0.793,11,-8.668,1,0.0646,0.00968,0.08,0.115,0.247,152.447,183973
7D5n2kpYH2WSqIyEO9MeXf,Patience,67,1RCAG3LrDwYsNU5ZiUJlWi,rock,album rock,0.457,0.266,6,-14.465,1,0.0313,0.711,2.61E-04,0.124,0.372,120.459,354400
2uduMoxSNLkDBhyLS2JroT,Used To Love Her,48,6z5LStxyQzrUTrVxjiOXVU,rock,album rock,0.615,0.831,1,-9.394,1,0.0311,0.426,7.26E-05,0.184,0.914,135.114,191360
1JIQmOrYNMohZ8oygnm9Bg,Move To The City - Live In Japan / 1992,35,3nzKw4CYT0mAxI7xM41NyF,rock,album rock,0.252,0.973,10,-3.6,0,0.224,2.28E-04,0.472,0.99,0.347,159.054,475963
0yqcmfdOv3RuDXKaloCKxY,Sweet Child O' Mine - Live In Paris / 1992,50,3ZwjaVcnVo2TwhK8N8WWVs,rock,album rock,0.235,0.929,6,-3.644,1,0.0598,6.54E-04,0.00125,0.992,0.411,134.186,445173
1RX0sGFlP6GYbpJhyNDzKz,Oh Yoko! - Remastered 2010,21,1Og869cgT2qBmDw84KeUvk,rock,album rock,0.556,0.833,1,-10.702,1,0.0321,0.284,0.352,0.196,0.806,85.181,257933
2aSFLiDPreOVP6KHiWk4lF,Under Pressure - Remastered,59,7rq68qYz66mNdPfidhIEFa,rock,classic rock,0.663,0.712,2,-7.268,1,0.0479,0.524,0,0.0804,0.527,113.439,236520
7o2CTH4ctstm8TNelqjb51,Sweet Child O' Mine,82,3I9Z1nDCL4E0cP62flcbI5,rock,classic rock,0.454,0.91,6,-7.766,1,0.0446,0.0852,0.0988,0.116,0.63,125.116,354520
4cCQ0wBIc9YHhvOWvWNj7S,"Hotel California - Live at The Los Angeles Forum, 10/20-22/76",16,2A7TYsmTXaHAbQx6C3phKM,rock,classic rock,0.427,0.665,2,-8.515,1,0.0405,0.0145,0.00242,0.699,0.442,142.702,409520
2sXp9Qmvc7mRaDBjBgcGGi,Every Breath You Take - Remastered 2003,24,7yDxJXFPl88Dt9kBo0dDD6,rock,classic rock,0.813,0.46,1,-9.78,1,0.0346,0.56,0.0105,0.0724,0.729,117.387,253887
5SAUIWdZ04OxYfJFDchC7S,Smoke on the Water,64,1EK3a0Yctg4d3nGQzE4Uty,rock,classic rock,0.632,0.586,0,-11.333,1,0.0284,0.0983,0.581,0.0535,0.89,114.243,342173
3KiexfmhxHvG5IgAElmTkd,I Saw Her Standing There - Remastered 2009,71,3KzAvEXcqJKBF97HrXwlgf,rock,classic rock,0.491,0.801,4,-9.835,1,0.0361,0.27,0,0.0665,0.971,160.109,173947
4nuUssdgKFy2QyYHHNkZQW,Sunday Bloody Sunday - Remastered 2008,66,4Saua162eaEOksYc8TrB74,rock,classic rock,0.543,0.944,6,-7.495,1,0.0543,0.402,5.64E-04,0.0373,0.735,101.174,279440
32kgOw8wejH7zUhtXCM8DH,More Than a Feeling,19,01OahkTPRCleDjobtRk7ST,rock,classic rock,0.377,0.682,7,-8.039,1,0.0299,8.94E-04,0.00217,0.0504,0.288,108.736,285133
1t8VoYuUY5oA2QKbquMZQp,Down Came the Rain,49,4JjLldxv4cJVhZpkyJIq4C,rock,classic rock,0.548,0.823,0,-7.313,1,0.037,0.105,0.914,0.651,0.574,114.02,208093
3d9snMJKWWca3FB7PwJ5gx,What’s My Name,35,5Oi2l8yztQLKvJ9uAYOe81,rock,classic rock,0.479,0.84,7,-5.629,1,0.031,0.00687,6.47E-04,0.214,0.725,149.968,225227
2w9kljwEMm6gVFhPSQrzmE,I Hear You Paint Houses,5,2qITKFsI1RfUGjpjHfCHYB,rock,classic rock,0.758,0.627,9,-7.831,1,0.0523,0.116,7.27E-04,0.106,0.601,98.507,303067
0luikRcaiVx5eejcYyNh3Y,Estonia,31,3Y5v6jQ1cCV7uSHzzW6If2,rock,classic rock,0.359,0.489,5,-10.294,1,0.0329,0.659,1.67E-04,0.0999,0.195,146.655,477018
5wTM2Bm8phDwHAuOsfBwhU,2000 Miles - 2007 Remaster,70,48NYXFdasUBuSeO3RAolt3,rock,permanent wave,0.22,0.708,7,-9.051,1,0.035,0.00292,0.0267,0.102,0.453,66.214,220427
35E2eKIEXXnP5q9L51iOAk,The Killing Moon,58,3V4j1tMdQqpq8nwW02UOiW,rock,permanent wave,0.568,0.829,7,-7.066,1,0.0303,0.218,0.00418,0.0976,0.79,124.201,348293
6wVViUl2xSRoDK2T7dMZbR,Bizarre Love Triangle,67,0PSWY4XyjTWppfBb0tBtqu,rock,permanent wave,0.613,0.885,10,-7.463,1,0.052,0.0804,0.746,0.0997,0.919,118.506,263213
4QlzkaRHtU8gAdwqjWmO8n,Friday I'm In Love,75,0aEL0zQ4XLuxQP0j7sLlS1,rock,permanent wave,0.526,0.763,0,-12.663,0,0.0341,0.00126,6.75E-05,0.359,0.514,136.205,215160
31AOj9sFz2gM0O3hMARRBx,Losing My Religion,81,6yEuIwTQpciH1qtj7mP5GK,rock,permanent wave,0.666,0.855,9,-5.051,0,0.0295,0.179,1.2E-06,0.0987,0.803,125.639,268427
3kxT1j8Q7BgRuuz85NZwav,The Tears Of A Clown,34,08zjJfP4f6cXGxscvztbvh,rock,permanent wave,0.616,0.826,2,-8.965,1,0.048,0.0533,0.101,0.0272,0.964,167.751,159480
6G8fblD9DbcEmaKOKDy3XL,Angel,49,4Z0SuRbaHi6Xiy0FbVvk8V,rock,permanent wave,0.399,0.0861,1,-14.679,1,0.037,0.948,1.39E-05,0.104,0.129,117.451,266026
7Hj5QvOZvdZKtlBuq8nTXE,Universal Heart-Beat,28,2nZ7s7lTPwZ4ZqhqN9GfPI,rock,permanent wave,0.534,0.814,2,-7.978,1,0.0717,0.0359,0.00539,0.721,0.686,127.967,205907
5JSMty4xsozv560lo6UxhM,Is This Love - 2007 Remastered Version,14,5YAaEVUeMvXjI9J0ExHPmw,rock,permanent wave,0.288,0.866,0,-4.618,1,0.0488,0.107,0,0.808,0.512,180.635,275760
3MCuDi4gQrf7Xms8lTpTAx,Don't Go Away,60,5WsCU95SaumguegxnC87TV,rock,permanent wave,0.426,0.838,0,-4.38,1,0.0362,0.0532,3.02E-06,0.0829,0.182,81.089,288600
7sYMg9phXqdP8L9nPjFZIu,Cargo Cult,9,3lv5AxsOmqps52pjbSXjaQ,rock,permanent wave,0.297,0.709,2,-7.417,1,0.0602,0.00239,0.297,0.149,0.28,151.805,410718
5lN1EH25gdiqT1SFALMAq1,Gold on the Ceiling,69,5DLhV9yOvZ7IxVmljMXtNm,rock,permanent wave,0.505,0.833,0,-4.632,1,0.0475,0.00772,7.9E-05,0.069,0.565,130.121,224333
4GssB27iJeqmfGxS94Tfij,Popular Monster,75,4gxFqhVYU4wp1XDH1KiIo4,rock,hard rock,0.461,0.897,3,-3.982,0,0.092,0.00821,0,0.0965,0.358,165.107,220537
5t1sJQEcAltWjCfGL50aQT,Grave,53,2tStEaMvl7vkfgAEwysgYP,rock,hard rock,0.491,0.981,7,-3.673,0,0.131,0.0116,9.71E-04,0.144,0.366,138.015,194787
1QJ30tpfFRvNuEHbUzudoG,Inside Out (Radio Edit),57,7tc4x2RQywmld2AlPefMVc,rock,hard rock,0.342,0.988,4,-3.339,0,0.163,0.00357,0,0.274,0.228,82.857,253965
3KiquXmZBWCD2qPgr4o7t3,Talking Myself In Circles,26,2Smo3ujdq8FEAFLeXsjT4r,rock,hard rock,0.559,0.926,10,-2.675,1,0.0468,6.63E-05,5.83E-05,0.106,0.72,100.997,221904
0g9NUt0uI1HSWgkLynXRbP,Victory,51,0CCifzFS5hhc0DS5kZKcPr,rock,hard rock,0.49,0.973,2,-3.843,1,0.324,0.00732,4.95E-05,0.752,0.389,145.067,206905
6PcRGZGpM4a3wcaK59fPsZ,Paranoid,2,7BReO1xKzOd4fbL7UMbmEQ,rock,hard rock,0.558,0.793,1,-6.861,0,0.0374,6.41E-04,2.93E-05,0.731,0.457,75.999,144547
0FkcmHJOsWE80rlpzfT0Pq,God's Gonna Cut You Down,67,1aGCsyMzwIyDgkfUwSwFcf,rock,hard rock,0.504,0.754,8,-5.182,1,0.0424,0.139,0,0.126,0.583,82.009,160538
77CCfbJgFZvKYpL2GY6XN9,Can You Hear Me,19,2pV3LWeXJ6cMqNKvkzAXKf,rock,hard rock,0.567,0.925,2,-4.131,1,0.0446,3.16E-04,0.0235,0.186,0.457,120.057,172867
5EKUb1FKsyYVaSXb41YBIj,ONE,35,0gGic19XvEiHKKWBV7M4YM,rock,hard rock,0.398,0.966,4,-2.352,0,0.0453,5.74E-06,0,0.303,0.52,90.016,208196
1aML2CdNXjkJJvIhzqN6Ka,History of Violence,60,3Pe76n9u3N2DlLHgiEA13G,rock,hard rock,0.587,0.821,9,-5.041,0,0.0413,0.0536,0,0.0932,0.616,81.985,234567
61oG7DvhBOvdXBALpVY9VG,W W Y D F,11,6SCi1d5fWBXhtjK9jQRMk9,rock,hard rock,0.359,0.889,2,-4.238,0,0.0517,3.55E-04,0.00324,0.0577,0.469,94.059,180000
5YVtM6pBdjRhPCr9iH2tMC,Renegade,44,31QNClG7HObkBtqtF5Kvfz,rock,hard rock,0.435,0.82,2,-4.694,1,0.0453,2.17E-04,1.71E-05,0.0884,0.146,152.051,228947
4bHsxqR3GMrXTxEPLuK5ue,Don't Stop Believin',80,43wpzak9OmQfrjyksuGwp0,rock,hard rock,0.5,0.748,4,-9.072,1,0.0363,0.127,0,0.447,0.514,118.852,250987
2DMqiPZ8uLE2AtwHLInHOI,Silverskin,8,3DXfe2cEsCdAjORfXw0NDK,latin,tropical,0.749,0.52,10,-8.604,1,0.0456,0.224,5.03E-04,0.0982,0.759,96.023,151219
510UgVCpnUaQ5ACHW2J8gu,Recognise,60,03qoJ4Ioczrn4dBFrKRHxU,latin,tropical,0.717,0.741,10,-6.645,0,0.053,0.155,0,0.133,0.188,105.997,186062
7oxHEN7q9V67XUReaq0txr,Handful Of Gold - Hounded Remix,50,2lcQOnaDZFj0ZSH386B3R8,latin,tropical,0.735,0.585,1,-9.673,1,0.0475,0.12,7.65E-05,0.073,0.13,120.008,250000
3876zu2BcDL39vLkkJGKLZ,Messiah,44,7jIoj0HfLJpyzq5aDN1gPh,latin,tropical,0.61,0.748,10,-6.856,0,0.0475,0.0736,0,0.112,0.624,100.007,184200
4w3InOZmItJiSlhnkr3lv6,Never Alone,67,3MdfIe4hKDL59tOpVwC7DW,latin,tropical,0.675,0.827,8,-4.793,0,0.038,0.0559,2.46E-06,0.126,0.446,125.988,176594
12f3UbBnYHrZ7vbRXfyDA9,Better Off Alone,56,0jgtY27DegnKHYZKR2ZP85,latin,tropical,0.721,0.508,1,-9.208,0,0.0809,0.0571,0.0116,0.109,0.181,111.955,173500
52DNTZvyZREUZC6dEjq3J6,All or Nothing - Sultan + Shepard Remix,28,5hYQG9MTBpC3SRpTpJoC36,latin,tropical,0.733,0.864,7,-2.003,1,0.0385,0.382,0.117,0.266,0.387,125.895,215357
7iymoplUkeIAat6dSn6wrR,I'll Be Back,11,3DXfe2cEsCdAjORfXw0NDK,latin,tropical,0.719,0.598,9,-7.327,1,0.0326,0.283,4.42E-06,0.133,0.503,120.085,157810
2dy3TKVDEbIeWxeIb8JWqZ,La Mejor Versión de Mi - Remix,80,0OChMQnL4dpFZQH93uPb1d,latin,tropical,0.735,0.712,11,-5.119,0,0.0326,0.732,0,0.302,0.894,131.938,229333
7nDIflSHQXzaa8zupxwv3U,Yo No Sé Mañana,74,63irJwZoWLRUc1lBKtuxmQ,latin,tropical,0.653,0.827,4,-3.206,0,0.042,0.649,0,0.18,0.733,95.223,259853
20rgOJWz8xHUn75OtCYsde,Añoranza,39,6mJu7gLuQ4nHVNrwc0Zgkx,latin,tropical,0.745,0.538,4,-8.922,0,0.136,0.385,0,0.0796,0.927,145.662,291533
1WbXIpiGBJkCiv3hn40iPB,Sobredosis (feat. Ozuna),72,6bm9EpUNvQ9xMglBJGRmgS,latin,tropical,0.759,0.639,4,-8.085,0,0.0511,0.207,0,0.23,0.682,128.01,198332
5pCmR2xzpvlNXKvYTmiJ6S,Cariñito,2,5A4QVw5WA5lxKZ38hwxHly,latin,tropical,0.771,0.638,0,-6.346,1,0.0378,0.129,0.0579,0.236,0.653,98,219733
3UI9I3e1g1y5T3SMfdgfGO,Colgando en tus manos (con Marta Sánchez),74,1cz8fhax6HNiCSE1uuV2Vs,latin,latin pop,0.836,0.637,6,-4.803,1,0.0367,0.535,0,0.129,0.875,120.025,230280
1npDfdIgKSiOwtDJJqgeBw,El Sol No Regresa,8,3akKzcllmwsg5jq6TK4P1d,latin,latin pop,0.615,0.88,3,-4.057,1,0.0352,0.0399,0,0.373,0.697,127.878,228960
2xuke1OBFKsOJbsionFKUk,No Podrás,58,2rbcVsVBBzCi3gVdVj9Tji,latin,latin pop,0.663,0.882,10,-4.627,1,0.0284,0.0182,1.57E-04,0.423,0.789,117.717,245573
4XTMj7kd8DHLl0r7ghmEAr,Caraluna,69,5WGN7m5BK95GiuafTCL3JQ,latin,latin pop,0.76,0.773,9,-5.314,1,0.0675,0.176,0,0.1,0.895,102.789,266160
6OpHDI8lRiqHLqmUIYUxVr,Te Mando Flores,23,7GZadm08rfMiYXhRHlv993,latin,latin pop,0.696,0.848,0,-7.839,1,0.0602,0.214,0,0.0987,0.898,102.038,227736
0loDvz6U86bm7sAemXpyxu,Lo Mejor de Mi Vida Eres Tú (feat. Natalia Jiménez),32,2taKrW2w2lghYcLp42ThQB,latin,latin pop,0.72,0.803,3,-4.237,1,0.0368,0.555,0,0.0787,0.805,128.844,218547
7BuSE9uTIw931wtZYzvZcQ,Runaway,80,0PijZTpKNGUvL12y7w4tZF,latin,latin pop,0.756,0.851,2,-3.33,1,0.0674,0.0336,0,0.126,0.934,75.014,200693
2qG5sZ7Si6sdK74qLxedYM,Con Altura,87,4bxHLppgdmaYJk0yfdcP0l,latin,latin pop,0.882,0.689,6,-4.027,1,0.124,0.39,0.00325,0.0501,0.746,97.963,161627
7sQKy5vlPQllr0k9IjYJv3,Sigues Con El,90,1y0pdsLO6cixGzAv7Sf8rf,latin,latin pop,0.883,0.668,9,-2.957,1,0.113,0.11,5.29E-04,0.0734,0.676,87.972,226533
7gAyu0od48mkaCw1laPKVC,Naagin,65,1qvwPj7hWoVYJ0S5z5mbag,latin,latin pop,0.807,0.5,9,-10.361,1,0.0581,0.0335,8.73E-06,0.0967,0.243,97.09,157000
3wjl3uPGckJUAeI5cRG0bZ,Caliente,59,0POVd6EQEG02xIL01jsF0Y,latin,latin pop,0.746,0.647,8,-6.082,1,0.0827,0.59,2.24E-04,0.136,0.222,96.964,222004
4eycOo0qKubeGx3g29dcHZ,Gimme GImme,21,7nh1r0aHtiyb0mMPJ2GovI,latin,latin pop,0.705,0.858,7,-3.374,1,0.0627,0.112,0,0.298,0.536,106.019,230943
4SkEHPGX8KXDrRT5BMdP9r,WaoW,16,0pvYSo9AcUkTOI2jo4jYOE,latin,latin pop,0.865,0.788,10,-5.478,0,0.0615,0.402,3.81E-05,0.0641,0.797,112.009,181185
39XhLzD0z9D5o0Ir9qQoN1,Manuela,57,4U7S6uqJxZcywLINu03Trl,latin,latin pop,0.731,0.621,7,-4.959,1,0.436,0.348,0,0.0773,0.751,174.007,203632
4VgYtXCVJ7IbWAZ5ryfvEQ,Muévelo,82,6sTdi5hrN3uFhARaqbikjG,latin,reggaeton,0.595,0.807,7,-2.409,1,0.0489,0.416,1.41E-05,0.565,0.919,188.081,194892
5stPVcRqb4qixbafP9e8lt,Hola - Remix,91,65Pp2tO1Ul66KcCmmkRGWZ,latin,reggaeton,0.654,0.672,0,-5.98,0,0.311,0.471,0,0.0781,0.343,181.857,249520
7k4t7uLgtOxPwTpFmtJNTY,Tusa,98,7mKevNHhVnZER3BLgI8O4F,latin,reggaeton,0.803,0.715,2,-3.28,1,0.298,0.295,1.34E-04,0.0574,0.574,101.085,200960
5Xhqh4lwJPtMUTsdBztN1a,Me Gusta,79,4IcQ1ni07PmlOenqwf6MgG,latin,reggaeton,0.775,0.696,1,-5.184,0,0.0681,0.0559,0.00184,0.157,0.775,92.007,190570
7JabxjX6a5GvDDw6zRFscj,Whine Up,46,71mNEWYV4Qvnj4quA26eM2,latin,reggaeton,0.817,0.665,9,-6.224,0,0.0758,0.0549,0,0.103,0.662,104.957,215460
7rFxvKtiIeCfjmn1uKxmI9,Fantasía,60,775eFQvNa0qKHpZa4W0eL2,latin,reggaeton,0.692,0.727,2,-5.586,1,0.094,0.208,1.38E-04,0.0995,0.786,180.079,175187
4AjWbAwRpxk2worpjNH5CS,Quizás,52,7433PD4HwKHe3Re0B4KGUB,latin,reggaeton,0.727,0.815,3,-2.454,1,0.153,0.0258,0,0.231,0.677,176.075,216067
7nhbNqmt5VVvVdgOtVqzZB,Te Olvidé,30,0KFVaX4zXCSATk42iYP4gg,latin,reggaeton,0.8,0.518,6,-8.777,0,0.472,0.158,1.31E-05,0.11,0.597,183.999,182617
4JOcMuy5myeEaNCKlu5j19,Perdóname,1,1QT53Qn2B1mQFF7CfNONXw,latin,reggaeton,0.679,0.818,9,-5.67,0,0.0315,0.244,0,0.158,0.392,95.013,243027
4lZTzhpL4y1ywLjdUfCDCL,Rescate,28,3fnhuXkUwQm6Zpk7lDTQKJ,latin,reggaeton,0.659,0.88,2,-4.254,1,0.0595,0.0383,0.176,0.102,0.652,179.985,252107
1ZPWWSwCkxKfqdp4H0RFCo,ROXANNE,71,1BAHbTOKeZ1w0DeFSVi5Tn,latin,latin hip hop,0.621,0.601,6,-5.616,0,0.148,0.0522,0,0.46,0.457,116.735,163636
0nbXyq5TXYPCO7pr3N8S4I,The Box,98,52u4anZbHd6UInnmHRFzba,latin,latin hip hop,0.896,0.586,10,-6.687,0,0.0559,0.104,0,0.79,0.642,116.971,196653
3Dv1eDb0MEgF93GpLXlucZ,Say So,88,1MmVkhiwTH0BkNOU3nw5d3,latin,latin hip hop,0.787,0.673,11,-4.577,0,0.158,0.256,3.57E-06,0.0904,0.786,110.962,237893
070hrICPvpyzXkbqkRC7Ao,RITMO (Bad Boys For Life) (Remix) *,35,1WbcLdDqpfZza3TlvzFJJj,latin,latin hip hop,0.794,0.798,10,-4.791,0,0.0602,0.0651,9.18E-05,0.233,0.629,105.069,228571
4cOVTA2GfYTHw99AJDQpHo,The Worst In Me,67,5FQ4sOGqRWUA5wO20AwPcO,latin,latin hip hop,0.784,0.645,10,-7.325,0,0.402,0.00936,1.32E-04,0.117,0.59,109.978,226720
5a7zThH0zptON85G6c50R1,Ese Amor (feat. Jimmy Dub),0,6g8W2oTiiqrVRf6Mf6vIcJ,latin,latin hip hop,0.748,0.801,6,-4.425,0,0.0526,0.325,0,0.138,0.907,99.992,202800
5J1c3M4EldCfNxXwrwt8mT,Traicionera,8,1TnP5HDR6fxVZBIGZq6DgO,latin,latin hip hop,0.776,0.669,11,-4.933,1,0.0638,0.142,0,0.219,0.661,91.012,228467
1WniHvhq9zTkny0WvGXX8o,Chantaje,15,3EwBqZP15qaDl3B6DuWXZ7,latin,latin hip hop,0.859,0.756,8,-3.36,0,0.0643,0.168,4.65E-05,0.163,0.91,102.033,195613
5YTMV11r6H8eeKuHghbBql,Te Quiero Pa´Mi,51,4adG4mIK7dgdrBfFyvwfyD,latin,latin hip hop,0.765,0.816,1,-3.99,1,0.0595,0.124,8.06E-05,0.197,0.624,89.005,212027
06nmhf5qFcn3qTB0anQkpJ,Safari,44,2G24iquUtWrS3H36y5T1HO,latin,latin hip hop,0.689,0.675,0,-4.281,1,0.32,0.531,3.17E-06,0.115,0.604,180.065,205600
7jowCMiXsGLxJp9LTw6ole,Báilame,58,2xLDTLkGQlZKh1wS1BUo4A,latin,latin hip hop,0.809,0.876,6,-4.802,1,0.155,0.154,0.00527,0.0525,0.528,95.984,207200
2wrJq5XKLnmhRXHIAf9xBa,"10,000 Hours (with Justin Bieber)",91,4ow6xJwn49gpWz7iHpOzWY,latin,latin hip hop,0.654,0.63,10,-4.644,1,0.0259,0.153,0,0.111,0.43,89.991,167693
4QPEwDdOMhY7rNS05mTyMR,Own It (feat. Ed Sheeran & Burna Boy),88,3y4AaloFccKNLQcZNS9L8c,latin,latin hip hop,0.817,0.781,7,-4.178,0,0.112,0.00838,5.21E-06,0.123,0.359,104,216707
5yY9lUy8nbvjM1Uyo1Uqoc,Life Is Good (feat. Drake),93,5uCEoLCj3ZZZ1EtzQdQWVl,r&b,urban contemporary,0.676,0.609,2,-5.831,0,0.481,0.0706,0,0.152,0.508,142.037,237735
6lruHh1jF7ezgbLv72xYmf,FML,82,0tzusAckn6CYqaCBRJHiAh,r&b,urban contemporary,0.822,0.575,5,-5.95,1,0.0934,0.113,0,0.106,0.616,100.087,223000
6MO2bfLHKykUgCChFdw91H,"Slide (Remix) (feat. Pop Smoke, A Boogie Wit da Hoodie & Chris Brown)",61,7LMJKPGcBZjZf6AEnTBS2t,r&b,urban contemporary,0.815,0.513,1,-8.363,1,0.244,0.0145,1.02E-04,0.14,0.17,96.982,296011
54yCP5dfn4uvU5h37aE8f4,Out Of Your Mind (feat. Swae Lee & Chris Brown),75,1jJdkoOAj3Uk6Tbv3S4fsa,r&b,urban contemporary,0.718,0.882,4,-4.677,0,0.0521,0.0229,0.0286,0.102,0.611,95.005,194171
2BWXfyYzeLcK0pbvPp9Itw,Richer Than Ever,40,4qxqWGRnfYcsP4kzF94Ceq,r&b,urban contemporary,0.715,0.537,9,-9.414,1,0.279,0.00235,0,0.358,0.287,142.952,185443
68poZGRClFTzLdeRz9X0M2,Panini,13,3ubteGlws5KJiIDSn45zz8,r&b,urban contemporary,0.703,0.594,5,-6.146,0,0.0752,0.342,0,0.123,0.475,153.848,114893
4gRkhkJHnmtR3eVEPQtpEw,Like A Pro,57,3Pa7JytWVcEf3Unec8qku8,r&b,urban contemporary,0.864,0.483,8,-5.147,1,0.363,0.00518,0,0.0755,0.428,164.916,177008
4RexiJIjheGmtIoRQDAINh,Times (feat. Robn),32,217WXQt5zFUYLOu6KlIfHZ,r&b,urban contemporary,0.716,0.637,7,-5.322,1,0.119,0.112,0,0.147,0.295,129.8,228013
4i53smHJgzRgTEI9F2mZ93,Real Games,1,6nU5JgIYXFsJz4WxfDYO36,r&b,urban contemporary,0.678,0.368,1,-7.842,1,0.196,0.453,8.99E-05,0.0716,0.551,70.958,331280
5ym4GENsMc7VbZVYyulq84,Roll Some Mo,28,0Rw4RjlaK8M1D3LgmRY0iD,r&b,urban contemporary,0.405,0.508,11,-9.028,1,0.0596,0.258,0.0479,0.142,0.371,74.701,292885
6Hgh47WXVKtXN5zGOu0hjI,OTW,78,0c4JocKlxYfBjZep8TJkcI,r&b,urban contemporary,0.652,0.678,2,-6.183,1,0.0541,0.183,3.26E-05,0.106,0.28,72.989,263014
4nsjsaov1d0LvyOVPCaXRf,Corda Bamba,53,2ubtGX0eu9F0UVLMx7sNE5,r&b,hip pop,0.562,0.523,4,-6.709,0,0.0383,0.361,8.74E-06,0.207,0.527,83.939,191479
0NRP5OIrTcgGvttJlSLO0n,Até o céu,74,713q68xdmP3jOgkAdY0gd4,r&b,hip pop,0.628,0.874,1,-1.818,0,0.0613,0.391,0,0.337,0.691,81.967,166829
3Vm5NxQWmQ5ozZpIJHjFaH,Pra Te Convencer,60,4iKDTY4YzOLLhUqzDN7Lep,r&b,hip pop,0.789,0.715,9,-3.804,0,0.339,0.279,0,0.0938,0.907,91.803,222378
4lPvpx8AgI31GsZP9HjkGI,Certo pra Você,32,5P4NC7RHetv1NH9OrHcQDv,r&b,hip pop,0.783,0.608,4,-6.913,0,0.0354,0.166,0,0.107,0.64,117.988,211541
2PbrjBe3QUMYqYVp118CEa,Evitar,47,1uPjXRRX2nOnbMkK0nPJhq,r&b,hip pop,0.674,0.575,11,-7.716,0,0.0388,0.413,0,0.0886,0.669,119.992,176000
0sf12qNH5qcw8qpgymFOqD,Blinding Lights,98,2ZfHkwHuoAZrlz7RMj0PDz,r&b,hip pop,0.513,0.796,1,-4.075,1,0.0629,0.00147,2.09E-04,0.0938,0.345,171.017,201573
4dZTZbmJBCCofAExHwefda,Lottery (Renegade),79,6Z8fenVdNwyQZ9iBFkNyKZ,r&b,hip pop,0.915,0.556,1,-8.601,1,0.216,0.0145,1.79E-04,0.0733,0.67,148.964,170947
3v0PmSksPZEx6VfkJCuvAY,Pillows,21,6K2jXLgII5QvmeUaQMJhmd,r&b,hip pop,0.615,0.706,8,-7.246,1,0.0429,0.091,0.0149,0.0857,0.305,170,189176
6UelLqGlWMcVH1E5c4H7lY,Watermelon Sugar,86,7xV2TzoaVc0ycW7fwBwAml,r&b,hip pop,0.548,0.816,0,-4.209,1,0.0465,0.122,0,0.335,0.557,95.39,174000
7wBYgcmeStDfjTWcN19ERz,Get Crazy,27,73miJxvDtDbwJPv1ma94wF,r&b,hip pop,0.458,0.758,2,-7.038,1,0.0565,0.0258,1.79E-05,0.102,0.112,103.042,170286
1iSqfoUFnQwV0QW1EfUit8,Suicidal,90,5xq6RMHNIBA73qld03dR6V,r&b,hip pop,0.736,0.369,9,-9.682,0,0.0688,0.334,0,0.126,0.235,140.005,222997
3VEpvUAoN9UBaN2NZ6JW29,Timber,14,56hgRT0x0Et8u6I3NYatFd,r&b,hip pop,0.776,0.696,9,-8.294,1,0.0814,0.273,0,0.0564,0.927,109.958,175786
0hVXuCcriWRGvwMV1r5Yn9,I Don't Care (with Justin Bieber),84,3oIFxDIo2fwuk4lwCmFZCx,r&b,hip pop,0.798,0.675,6,-5.041,1,0.0442,0.0912,0,0.0894,0.842,101.956,219947
1TYt5etb427hvOod3EKJA5,Can't Stop,42,3glZbvQfT7BX4Ih3X3y63W,r&b,new jack swing,0.727,0.811,0,-11.547,0,0.0385,0.245,1.22E-05,0.192,0.808,97.098,247907
2BzxBQSZ4KERJvuNpeJatT,Groove Me,0,1YdBErZFamsw1pCAAAED5q,r&b,new jack swing,0.812,0.623,1,-14.042,1,0.0861,0.0263,0,0.416,0.747,107.926,273760
5vXEj2R1LZFG4D5U70jXnz,Can We Talk,47,1xhsYljQkbDeXaBljIc5Ce,r&b,new jack swing,0.658,0.711,2,-7.424,0,0.0425,0.0759,1.77E-05,0.0446,0.614,172.365,284587
7tsRp7QKUBp6hc9bth0h7x,Don't Walk Away,61,2EwwOSHl7oOX1vyjQBx4Zc,r&b,new jack swing,0.831,0.915,10,-7.501,0,0.128,0.147,0.00571,0.196,0.881,102.979,216373
3HGE6Is63CrKHS9DZ26RIO,Rub You The Right Way,35,1I1wFLIuEXMYqQ4fm3NwOo,r&b,new jack swing,0.667,0.874,10,-6.937,1,0.0441,0.0163,0.00246,0.322,0.865,111.871,333800
4cRR2gUTOerkUOW5iZpm91,Feels Good,58,5yORmYtkTZdFgo6ppcsFZT,r&b,new jack swing,0.827,0.852,2,-12.052,1,0.0942,0.115,1.49E-05,0.299,0.635,117.17,298373
71VdU3mOdQCVwjZX4Pc6C9,Love Saw It (Duet with Karyn White),15,6NnVOCSuK8rqm8uVHHy8zZ,r&b,new jack swing,0.673,0.586,6,-11.161,0,0.0309,0.223,9.74E-04,0.153,0.731,93.005,374467
71EHOyEOhNx1SzTebRRyng,Weak,66,2BBrAtWY0c6dPio5b2JYFK,r&b,new jack swing,0.693,0.533,2,-10.954,0,0.0402,0.107,0,0.0695,0.568,127.661,291907
5FFD1qfYfW3b4zM2vYlMOx,Tell Me What You Want Me to Do,27,1xhsYljQkbDeXaBljIc5Ce,r&b,new jack swing,0.609,0.551,6,-7.93,1,0.0291,0.0233,0,0.234,0.512,127.956,256040
0Clwo8t8LxxExXDJ7AqeVg,Lyte as a Rock,6,1cSOhRG4iYrvNTQfXlfRqo,r&b,new jack swing,0.886,0.546,5,-13.659,0,0.333,0.463,0,0.238,0.528,113.986,260693
7fvpQhtkRJOApCjNmSLehs,Don't Stop Your Love,32,1UwtBNOPmXRtdxPJAiNryN,r&b,new jack swing,0.764,0.522,10,-13.489,0,0.138,0.0356,2.52E-06,0.0877,0.629,102.032,374107
6qspW4YKycviDFjHBOaqUY,Waterfalls,71,5eg56dCpFn32neJak2vk0f,r&b,new jack swing,0.77,0.505,1,-7.345,1,0.0828,0.311,7.4E-05,0.0777,0.757,171.798,279507
68vgtRHr7iZHpzGpon6Jlo,My Boo,77,1RM6MGv6bcl6NrAG8PGoZk,r&b,new jack swing,0.662,0.507,5,-8.238,1,0.118,0.257,0,0.0465,0.676,86.412,223440
19Cgt2V8PbgyJ4tmTASgic,Ready When You Are,40,48UnAKcbSXjhZ4qIBeH2Ve,r&b,neo soul,0.777,0.533,8,-8.237,1,0.158,0.644,0,0.0894,0.455,89.976,178502
7vQNFiycXSGpgGgTxmaWjS,So Lo,53,1pDf6t6lK8BQ9C7yhaPCah,r&b,neo soul,0.814,0.438,3,-7.025,0,0.048,0.434,1.66E-06,0.108,0.832,89.008,231640
5X9NIp0eN7bH0BK5RNvqES,Weight In Gold - Brasstracks Remix,3,3dcrehoceSswrv3gFQN3zS,r&b,neo soul,0.454,0.579,5,-4.5,0,0.342,0.0228,6.55E-05,0.27,0.403,119.435,201020
3WVJNKDreudOd8pBjU5nDI,The Touch,39,44F5YhHPd02X5YBWJsHt4A,r&b,neo soul,0.774,0.432,2,-5.806,0,0.084,0.315,0,0.334,0.727,94.951,153474
0FZTAm6OyJoAzAtLAsH0f9,Turnin' Me Up,12,70fkHUXk9O9pl3XsDr046i,r&b,neo soul,0.722,0.789,9,-4.364,1,0.0967,0.0372,0.142,0.0551,0.819,78.504,269173
0Dw7uVJBAKCm6dfCoabJV9,Cruel,60,5WBPlbri33vyF3cNmJIxH5,r&b,neo soul,0.704,0.379,9,-9.038,1,0.0816,0.699,0,0.112,0.465,78.91,224282
4yFFSucK3BVP1Wp7MQ6c7t,Just Can't Get Over You,26,4KX3bkP8l9X04DmkbDeazR,r&b,neo soul,0.738,0.295,10,-8.699,0,0.0588,0.135,0.0241,0.133,0.539,79.939,322333
5bvnqVuq7UFl0txSlHpsfS,Loyal (feat. Drake),84,1U1uqmoe8hdbqZWRqd23li,r&b,neo soul,0.866,0.53,0,-6.347,0,0.0495,0.517,0.00159,0.0946,0.203,104.952,197973
4otQJBpb8okSeykALR3eCH,Something Real (with London On Da Track & Chris Brown),76,3sKfMROqgj9nNxOuyPDndH,r&b,neo soul,0.685,0.667,8,-3.837,1,0.0365,0.0564,0,0.115,0.643,95.518,183138
5zhkOkaQCS21ulmwCrmqaa,mello.w,23,6z6Tkrq32IVAN7LmrZtkVC,r&b,neo soul,0.561,0.228,10,-15.124,0,0.0753,0.537,0.799,0.556,0.149,80.02,126000
7CBVCrFPV4VIbF2Mv5Ij99,Steve Biko (Stir It Up),0,0lTNCTfwCuFNOtckEp8hzY,r&b,neo soul,0.816,0.493,10,-10.951,0,0.296,0.0122,3.65E-04,0.317,0.371,95.203,191533
6jUyYHDikmw9WltPojSR37,Got 'Til It's Gone,63,6ZANEjETQ9L9pjBuvOAhCQ,r&b,neo soul,0.789,0.413,7,-7.518,1,0.244,0.0223,3.13E-04,0.3,0.518,89.911,241760
4EmrbKpQotKGCH0IWCnAOP,Add the Bassline,13,6e2X313opvmQbWCvHdlADs,r&b,neo soul,0.753,0.352,8,-9.566,0,0.173,0.182,1.02E-04,0.12,0.53,89.968,158145
366S9c0rQtvrkclcCSRNmB,"Disease - KATFYR ""Tokyo Bound"" Remix",43,4s3VdQXA9G1RA2a4RrCCKN,edm,electro house,0.677,0.926,0,-3.307,1,0.0456,0.00298,0.507,0.337,0.108,128.014,288867
4gxukDJiwApNEgVIh4pHgT,WOW,10,4I2qcrUxk37AoJOMjiOCvu,edm,electro house,0.601,0.99,6,-3.016,1,0.337,0.00116,0.52,0.124,0.192,127.958,148125
3mLLlN1ZdHmlJHkvNON7ou,Threnody - Bombs Away Remix,50,2CUUZuC9EhMcnU7zdNWWrI,edm,electro house,0.836,0.926,2,-3.728,1,0.0495,3.89E-04,0.32,0.203,0.148,127.977,247309
17NCISfYJl0GITXs8G75Ae,Loudness War,33,0vXDfJsurQa6rZayRwvgtQ,edm,electro house,0.843,0.844,2,-4.779,1,0.0749,6.09E-04,0.166,0.0458,0.727,127.98,285000
2Ceq5Ty6rJqazoZIWyS0Vc,Ocean (feat. Khalid) - David Guetta Remix,64,2lYxgMaJP2bGy4dhIToqzS,edm,electro house,0.609,0.824,0,-8.251,0,0.0795,0.0913,2.88E-05,0.134,0.36,127.072,195833
5plG80hc7j4siXDhcUamjU,Promises - David Guetta Remix,8,191HBwuAFkDLbtQfyi1EYs,edm,electro house,0.588,0.697,3,-4.744,0,0.0372,0.186,2.19E-04,0.103,0.225,125.157,190417
3edfAZPM28vwbPjLD2iGBc,De bara jag här,25,40XQ9tpbtJR0My3RLfy4eZ,edm,electro house,0.81,0.634,8,-7.859,1,0.0639,0.00924,0.848,0.118,0.505,120.002,231500
575NJxNUVDqwJGdzBrlLbv,Lost In Japan - Remix,75,3ynoYncFXzo2OfPT8j93Pw,edm,electro house,0.706,0.855,10,-5.377,1,0.215,0.0911,0,0.347,0.293,107.184,201253
1sviDBcAqVOxMXq4xITVEs,Que Calor (feat. J Balvin & El Alfa),84,2epUYHJteejHG4trbc8drd,edm,electro house,0.795,0.885,8,-4.13,1,0.0713,0.0375,0.00638,0.292,0.46,126.037,169998
3IkLIde5nKEm06EklU9qzX,Something Shiny - Radio Edit,23,0yo9Kx1FlPd5BB1PBrMiKh,edm,electro house,0.67,0.801,2,-4.67,1,0.0346,0.00125,0.27,0.238,0.202,123.007,224340
3HNs1UAn7OZQiby7DXTIYl,Oblivion (feat. Amber Van Day),70,4xG7w6o7w2ah1W2a3tPgaV,edm,electro house,0.916,0.411,6,-7.523,1,0.0657,0.159,1.1E-05,0.0989,0.407,125.996,192296
04wllvXvWOkZS5NugzeS8O,Lost,37,13FrOWDba1sGvu10ofSKFr,edm,electro house,0.616,0.695,9,-7.894,0,0.0397,0.121,0.0228,0.0311,0.189,128.008,272124
7pWK1kMgHy5lNNiIfuRbkP,Used To Love (with Dean Lewis),83,3YD1qyD9KPFzzTK1UC1Gvo,edm,electro house,0.651,0.693,4,-4.722,1,0.0375,0.458,0,0.335,0.392,118.97,236765
37FfCz1YODL6NAuWfxUzJh,Left Right,58,3192TqWaoGyc53bEHlcl45,edm,big room,0.709,0.982,10,-3.768,0,0.0666,3.73E-04,0.353,0.285,0.192,128.005,155827
6RnkFd8Fqqgk1Uni8RgqCQ,Like I Do,72,5oU1ROIHS6IOWnb87GWhqU,edm,big room,0.635,0.9,0,-3.719,0,0.0377,0.00664,0.0145,0.37,0.15,127.978,202500
1RES1p3VXofj02iOJ65ZaA,Not Alone - REGGIO Remix,49,432U2hmbbsuVY42KUqIJ3P,edm,big room,0.69,0.881,1,-4.552,1,0.0372,2.87E-04,0.105,0.322,0.294,128.016,175312
29C3wkt3HoxHtEalb0mUWP,I'm In Love,34,4FeSeO5vSj5W7dFajS0osc,edm,big room,0.595,0.925,7,-2.741,0,0.0841,0.00216,0.642,0.0788,0.45,126.048,140615
7ENBXir2EaAuMnCZUQIDoL,Go To War,63,29upyaRHCW2OJPj9eZdry2,edm,big room,0.553,0.827,2,-5.381,1,0.0482,0.00188,0,0.304,0.153,132.077,167500
5GZX9ZUelthrP6ONs88jLd,Pew Da Pow,21,3ckBb5f5ZFdgzZL4FT3RB7,edm,big room,0.892,0.535,3,-3.42,0,0.147,0.00211,0.0136,0.1,0.446,128.037,169687
6h7MPC2hBJHJQuobsRXqwF,Devil Inside Me (feat. KARRA),61,16atc3AvJkUr5W5HonmIQs,edm,big room,0.56,0.869,6,-4.587,0,0.0622,0.00214,4.06E-06,0.304,0.177,134.934,189333
6x4uyBoYIimjL27Mc63spc,Don't Stop,17,4AJwEVmHIJ6MIdWOYM8Vaa,edm,big room,0.649,0.977,7,-0.449,1,0.208,0.00492,5.22E-05,0.0563,0.131,130.038,164481
5c7UATnb0XfIbyIHHfgIMb,Error 404 - Original Mix,0,41Q52HSJVbtcG9IOtWeyHD,edm,big room,0.673,0.862,2,-7.102,1,0.0887,2.03E-04,0.794,0.0442,0.285,127.983,333760
7CHi4DtfK4heMlQaudCuHK,Lose Control,91,1qSOaTvsCOyFJya3v1UzkP,edm,big room,0.598,0.526,10,-8.659,0,0.0415,0.129,0,0.14,0.529,123.935,168387
4QAUGy6k7c3IOAhgWz52r7,Heaven - David Guetta & MORTEN Remix,70,37bCTD5iLWMpDcBanNkkXB,edm,big room,0.572,0.934,6,-5.053,0,0.0446,0.00292,0.0198,0.105,0.204,125.948,215238
6WkJ2OK163XXS2oARUC9JM,Dancin (feat. Luvli) - Krono Remix,84,2J2f6vGACFrRghO1Ki74BE,edm,big room,0.72,0.741,10,-6.529,0,0.0287,0.101,1.41E-05,0.289,0.357,119.896,198053
40TogYyqoENkImGSObxjyb,Surviving (feat. Joe Cleere),43,4IzgtGmj7ELr53s4WbXRwp,edm,pop edm,0.6,0.848,4,-3.967,1,0.0433,0.0157,0,0.243,0.437,124.082,213223
2CPqh63wRVscbceKcPxwvv,The Ocean (feat. Shy Martin),73,4pgNeQfSctryAw4e0uESHe,edm,pop edm,0.632,0.575,5,-6.478,1,0.029,0.0225,1.81E-06,0.104,0.188,90.037,183414
3yXmslBa2eTtFI2tSXphR1,Earthquake - Radio Edit,35,0kqdY6foeAAWEsUlOQQQ4c,edm,pop edm,0.61,0.806,9,-2.99,0,0.0574,0.0775,0,0.42,0.522,125.999,225714
5rTkhUIFPbkqwb99ZA8PW3,Every Single Night - Extended Mix,26,0JH3f1kTZ8SumOKnhwqCm9,edm,pop edm,0.435,0.786,6,-6.063,1,0.0934,0.131,0.00305,0.0839,0.794,181.485,323306
0azC730Exh71aQlOt9Zj3y,This Is What You Came For,79,3pEgGUv379EDinvg1TN7Kt,edm,pop edm,0.63,0.928,9,-2.787,0,0.0331,0.199,0.124,0.148,0.465,123.963,222160
4d0JSX5Niid4wPVXk3EVrt,Work - R3hab Remix,2,5xLUp4nUTuXNK7XKQPE5Gb,edm,pop edm,0.715,0.8,1,-5.488,0,0.0555,0.0104,0,0.319,0.264,100.004,219400
7v71Aur70pf46NQIoSQii7,Knock You Out - Hardwell Remix,0,7q5EDnr3FhMjwSMQciMqqH,edm,pop edm,0.611,0.909,9,-3.967,0,0.0493,0.0373,0.00501,0.0829,0.215,128.039,386279
3VXpezslDycvp4shSrhuDo,Say My Name - Remix,13,1QsYhTITSsNFCy05JUTEhK,edm,pop edm,0.647,0.96,6,-5.772,0,0.0617,0.00197,0.00101,0.281,0.777,125.016,360960
2ZyuwVvV6Z3XJaXIFbspeE,Wild Things,64,3rDbA12I5duZnlwakqDdZa,edm,pop edm,0.741,0.626,1,-4.826,0,0.0886,0.02,0,0.0828,0.706,108.029,188493
5ScMaEiUXf9BATTbDKNFq8,Where Are Ü Now (with Justin Bieber) - Marshmello Remix,54,0hHoUwwrXL79lSEcRy82vO,edm,pop edm,0.572,0.863,8,-4.128,1,0.0424,0.00266,3.07E-04,0.127,0.475,141.919,206197
3eekarcy7kvN4yt5ZFzltW,HIGHEST IN THE ROOM,94,2uDTi1PlpSpvAv7IRAoAEU,edm,pop edm,0.598,0.427,7,-8.764,0,0.0317,0.0546,5.83E-06,0.21,0.0605,76.469,175721
0hVXuCcriWRGvwMV1r5Yn9,I Don't Care (with Justin Bieber),84,3oIFxDIo2fwuk4lwCmFZCx,edm,pop edm,0.798,0.675,6,-5.041,1,0.0442,0.0912,0,0.0894,0.842,101.956,219947
6E14SIHDOSBQhdg9cRtrRz,Broken Heart,18,17FXBNrOUx2yxvmBgtmgm6,edm,pop edm,0.805,0.888,3,-3.255,1,0.0368,0.281,0,0.203,0.342,107.999,172234
2Lv7vYpPx68ttqspWdMnvw,Payback,1,2N6nSi9sTO5Tvfq0bEmRc0,edm,progressive electro house,0.632,0.83,7,-5.193,0,0.063,0.0485,0.079,0.566,0.319,128.013,349507
6w2A10HCO5nhBCaNLk4aS2,Trumpsta - Djuro Remix,47,1GA87QBTzwfN33QAkFqCWK,edm,progressive electro house,0.973,0.589,1,-7.014,1,0.236,0.00208,0.319,0.276,0.201,128.006,258520
11xsm79HwpWV1C1lMXoVo9,Gypsy Drop - Radio Edit,38,4VVtbL1thMQf4EX1232w3C,edm,progressive electro house,0.797,0.962,1,-4.239,1,0.0906,3.59E-04,0.767,0.0454,0.422,128.047,180502
6PtXobrqImYfnpIxNsJApa,Bad (feat. Vassy) - Radio Edit,64,6CvEd1L1KJZ8g3wIwCZYvF,edm,progressive electro house,0.614,0.972,5,-3.927,0,0.088,0.00125,0.0186,0.328,0.411,127.966,170625
67awxiNHNyjMXhVgsHuIrs,Turn Down for What,72,3zo0Hxh9rjJsdw2JAKReE3,edm,progressive electro house,0.818,0.799,1,-4.1,0,0.156,0.00107,0.128,0.057,0.0815,100.014,213733
5MBhTcvskTrgb6OmLLrOqE,Everybody Is in the Place - Original Mix,13,0Ki7q1lcfhhViO0RkAzsWy,edm,progressive electro house,0.67,0.969,7,-3.566,1,0.0848,5.74E-04,0.572,0.356,0.127,130.004,352639
766RKRQ1ZJjmdBQ9y54HKj,Animals - Original Mix,5,63Xla1b6MLjkfo8An0Fjib,edm,progressive electro house,0.674,0.866,1,-6.384,1,0.0386,0.00138,0.699,0.383,0.0376,128.012,304240
6oFd2c2UiVfFBTIJiFVfz6,Howl At The Moon - Radio Edit,0,2PbxYpEOoknsPzrr0nkkSJ,edm,progressive electro house,0.514,0.934,10,-3.201,0,0.0992,0.0525,8.9E-04,0.137,0.182,127.953,183750
4TUuAXGt8SFNcl7ves2nPe,Freaks,28,17iIPpYhxqp1l1nNd2KJTO,edm,progressive electro house,0.905,0.92,9,-3.326,1,0.0811,0.0016,0.913,0.0647,0.744,128.027,274327
5FDn1oWUD5BXL2HCfmCk2F,Man With The Red Face - Radio Edit,51,4Tx7Iuv23M7FuhPUO8LN8b,edm,progressive electro house,0.632,0.842,0,-7.868,0,0.0335,0.0127,0.781,0.0984,0.674,126.952,235039
5iQYHpbIv6YABOjTWhs7Zj,Life Goes On (feat. Shawnee Taylor) - Life Goes On 2009,24,1O717gwSennWeHyo57N4MC,edm,progressive electro house,0.666,0.953,6,-4.09,1,0.134,0.315,0.0637,0.0901,0.138,125.982,469693
7JlawqjLYtEVVN5SMtJHlU,Balance,6,2egIUqaG1ZlkO2a7Rcvp6b,edm,progressive electro house,0.811,0.94,11,-6.856,0,0.0499,0.00131,0.92,0.0672,0.841,124.004,402581